einwohner	plz	qkm	geometry
11286	66111	1.89495	POLYGON ((6.9825888 49.2423428, 6.9992672 49.2428478, 7.0151555 49.2331247, 7.0099609 49.2318271, 7.007914 49.2364743, 7.0017774 49.2290863, 6.994891800000001 49.2300965, 6.9923651 49.2334678, 6.9903956 49.2365612, 6.9828382 49.2369531, 6.9825888 49.2423428))
23110	66113	8.863799	POLYGON ((6.9948277 49.2617855, 6.9928359 49.2568629, 6.9980999 49.2525599, 7.0004178 49.2555134, 7.0024733 49.253628, 6.9992672 49.2428478, 6.9825888 49.2423428, 6.961202500000001 49.241224, 6.953357 49.2431749, 6.9565853 49.2484478, 6.9543663 49.2528249, 6.944428 49.2574339, 6.9533273 49.2665644, 6.9929775 49.2650276, 6.9948277 49.2617855))
18371	66115	30.957538	POLYGON ((6.9180128 49.2438254, 6.9200366 49.2529684, 6.9326828 49.2684275, 6.928886 49.2767313, 6.9319108 49.2826669, 6.9328205 49.2867154, 6.946239000000001 49.28625360000001, 6.953638 49.2912636, 6.9559517 49.2897498, 6.9586104 49.2974266, 6.967731 49.3047846, 6.9696045 49.314263, 6.983356 49.319977, 6.9894684 49.3185717, 6.9918604 49.3220676, 7.0067826 49.3115752, 7.0071206 49.3023387, 7.0166324 49.2953195, 7.0124909 49.2950113, 7.0124386 49.29026390000001, 7.0038243 49.2865388, 6.9940809 49.2773035, 7.0034445 49.2732307, 6.9948277 49.2617855, 6.9929775 49.2650276, 6.9533273 49.2665644, 6.944428 49.2574339, 6.9543663 49.2528249, 6.9565853 49.2484478, 6.953357 49.2431749, 6.961202500000001 49.241224, 6.9825888 49.2423428, 6.9828382 49.2369531, 6.9548948 49.23385270000001, 6.946428300000001 49.236816, 6.9180128 49.2438254))
14430	66117	9.324292	POLYGON ((6.9382298 49.2224477, 6.9443566 49.23463, 6.9420298 49.236965, 6.946428300000001 49.236816, 6.9548948 49.23385270000001, 6.9828382 49.2369531, 6.9903956 49.2365612, 6.9923651 49.2334678, 6.99136 49.2286926, 6.9884056 49.227474, 6.989081400000001 49.2297173, 6.983454500000001 49.23129890000001, 6.9827956 49.22780920000001, 6.9762004 49.2250231, 6.9809799 49.2232064, 6.9835251 49.211513, 6.9759499 49.2117449, 6.971610600000001 49.2091862, 6.958326700000001 49.2036067, 6.9399307 49.2167256, 6.9382298 49.2224477))
14836	66119	10.341434	POLYGON ((6.971610600000001 49.2091862, 6.9759499 49.2117449, 6.9835251 49.211513, 6.9809799 49.2232064, 6.9762004 49.2250231, 6.9827956 49.22780920000001, 6.983454500000001 49.23129890000001, 6.989081400000001 49.2297173, 6.9884056 49.227474, 6.99136 49.2286926, 6.9923651 49.2334678, 6.994891800000001 49.2300965, 7.0017774 49.2290863, 7.0185227 49.2205446, 7.0234088 49.2117603, 7.0183865 49.204956, 7.026166900000001 49.19702610000001, 7.0252766 49.1934293, 7.0215876 49.1932125, 7.0109133 49.18794960000001, 7.0089405 49.1940109, 6.9990204 49.19445020000001, 6.9926104 49.2008022, 6.971610600000001 49.2091862))
15169	66121	6.934108	POLYGON ((7.0017774 49.2290863, 7.007914 49.2364743, 7.0099609 49.2318271, 7.0151555 49.2331247, 7.0219523 49.2288617, 7.026660000000001 49.2316739, 7.032005000000001 49.2305522, 7.0351583 49.2328134, 7.031446900000001 49.2360542, 7.0437258 49.2436858, 7.0538461 49.24104490000001, 7.0521563 49.2280436, 7.065405 49.2292441, 7.0715173 49.2357101, 7.0778769 49.2370207, 7.0773692 49.2316586, 7.0706122 49.2275077, 7.0636011 49.2248979, 7.0522536 49.2258055, 7.0525331 49.2229057, 7.0469835 49.220068, 7.0422618 49.2212325, 7.0358889 49.2176349, 7.0281991 49.22107150000001, 7.0266076 49.2190739, 7.0185227 49.2205446, 7.0017774 49.2290863))
12664	66123	9.402541	POLYGON ((6.9948277 49.2617855, 7.002625 49.2621918, 7.008366000000001 49.2660397, 7.0126828 49.2639682, 7.0137899 49.2582358, 7.0223859 49.2551256, 7.0512124 49.2630219, 7.0540247 49.2575287, 7.0445946 49.2499687, 7.0437258 49.2436858, 7.031446900000001 49.2360542, 7.0351583 49.2328134, 7.032005000000001 49.2305522, 7.026660000000001 49.2316739, 7.0219523 49.2288617, 7.0151555 49.2331247, 6.9992672 49.2428478, 7.0024733 49.253628, 7.0004178 49.2555134, 6.9980999 49.2525599, 6.9928359 49.2568629, 6.9948277 49.2617855))
22383	66125	14.262596	POLYGON ((7.0038243 49.2865388, 7.014515 49.2832669, 7.0324296 49.2961108, 7.0542996 49.286922, 7.0620746 49.2717948, 7.0626344 49.2614383, 7.0512124 49.2630219, 7.0223859 49.2551256, 7.0137899 49.2582358, 7.0126828 49.2639682, 7.008366000000001 49.2660397, 7.002625 49.2621918, 6.9948277 49.2617855, 7.0034445 49.2732307, 6.9940809 49.2773035, 7.0038243 49.2865388))
5547	66126	4.658705	POLYGON ((6.9242285 49.2825695, 6.9319108 49.2826669, 6.928886 49.2767313, 6.9326828 49.2684275, 6.9200366 49.2529684, 6.9180128 49.2438254, 6.9081308 49.2462108, 6.9111163 49.2525652, 6.9042182 49.2627375, 6.9159826 49.2753514, 6.926505300000001 49.2802067, 6.9242285 49.2825695))
5546	66127	9.315982	POLYGON ((6.8962215 49.2450631, 6.9034404 49.2329687, 6.9074809 49.2333356, 6.9067645 49.2259205, 6.9114371 49.2262972, 6.9113966 49.2244944, 6.8985632 49.2220943, 6.8777882 49.2133436, 6.8591538 49.2227466, 6.837072600000001 49.2127518, 6.8326111 49.2140542, 6.8276387 49.221709, 6.835849000000001 49.2278094, 6.8486307 49.2327247, 6.8545546 49.2289299, 6.8599415 49.2318116, 6.8787485 49.2291675, 6.8883675 49.2370113, 6.8873519 49.2414878, 6.8901319 49.241691, 6.8862583 49.2429752, 6.8962215 49.2450631))
6295	66128	8.527151	POLYGON ((6.8777882 49.2133436, 6.8985632 49.2220943, 6.9113966 49.2244944, 6.9114371 49.2262972, 6.9067645 49.2259205, 6.9074809 49.2333356, 6.9034404 49.2329687, 6.8962215 49.2450631, 6.9081308 49.2462108, 6.9180128 49.2438254, 6.946428300000001 49.236816, 6.9420298 49.236965, 6.9443566 49.23463, 6.9382298 49.2224477, 6.9187594 49.222736, 6.9114077 49.2150005, 6.9004368 49.2135965, 6.8926111 49.2088272, 6.8777882 49.2133436))
3362	66129	4.421518	POLYGON ((7.0295099 49.1766656, 7.0350314 49.1914361, 7.0397347 49.1908121, 7.0497357 49.1958334, 7.0493285 49.1918336, 7.0595866 49.1797356, 7.0721526 49.18138690000001, 7.0761568 49.179115, 7.0899334 49.17939230000001, 7.0755637 49.1721922, 7.0695153 49.1769646, 7.064012 49.1736315, 7.0559883 49.1772138, 7.0441007 49.1727807, 7.0295099 49.1766656))
11100	66130	18.176695	POLYGON ((7.0185227 49.2205446, 7.0266076 49.2190739, 7.0281991 49.22107150000001, 7.0358889 49.2176349, 7.0422618 49.2212325, 7.0469835 49.220068, 7.0537432 49.2169326, 7.0543341 49.2104575, 7.0596222 49.2068043, 7.0656713 49.2085054, 7.0684573 49.2134641, 7.0768237 49.214097, 7.0888322 49.2013873, 7.1132383 49.1914994, 7.1058458 49.1856719, 7.111997500000001 49.176195, 7.0975859 49.1814833, 7.0899334 49.17939230000001, 7.0761568 49.179115, 7.0721526 49.18138690000001, 7.0595866 49.1797356, 7.0493285 49.1918336, 7.0497357 49.1958334, 7.0397347 49.1908121, 7.0350314 49.1914361, 7.023902900000001 49.1889037, 7.0215876 49.1932125, 7.0252766 49.1934293, 7.026166900000001 49.19702610000001, 7.0183865 49.204956, 7.0234088 49.2117603, 7.0185227 49.2205446))
3553	66131	15.376703	POLYGON ((7.0768237 49.214097, 7.082791300000001 49.21201850000001, 7.090573 49.2156265, 7.098484 49.2285833, 7.101092 49.24329550000001, 7.089059 49.2458262, 7.1035219 49.25595, 7.1082128 49.2563988, 7.1220235 49.2459087, 7.1303471 49.2452537, 7.1292496 49.2403547, 7.1223923 49.22226280000001, 7.1266127 49.21630750000001, 7.1307812 49.218302, 7.1362574 49.21697540000001, 7.1380203 49.2128541, 7.1359292 49.2106544, 7.1288784 49.212043, 7.1278176 49.2067866, 7.1172421 49.19832550000001, 7.1182381 49.1928963, 7.1132383 49.1914994, 7.0888322 49.2013873, 7.0768237 49.214097))
4042	66132	7.879479	POLYGON ((7.0469835 49.220068, 7.0525331 49.2229057, 7.0522536 49.2258055, 7.0636011 49.2248979, 7.0706122 49.2275077, 7.0773692 49.2316586, 7.0778769 49.2370207, 7.089059 49.2458262, 7.101092 49.24329550000001, 7.098484 49.2285833, 7.090573 49.2156265, 7.082791300000001 49.21201850000001, 7.0768237 49.214097, 7.0684573 49.2134641, 7.0656713 49.2085054, 7.0596222 49.2068043, 7.0543341 49.2104575, 7.0537432 49.2169326, 7.0469835 49.220068))
4086	66133	7.064473	POLYGON ((7.0437258 49.2436858, 7.0445946 49.2499687, 7.0540247 49.2575287, 7.0512124 49.2630219, 7.0626344 49.2614383, 7.0689489 49.2554081, 7.0764802 49.2583623, 7.0832078 49.255897, 7.079444 49.2498031, 7.089059 49.2458262, 7.0778769 49.2370207, 7.0715173 49.2357101, 7.065405 49.2292441, 7.0521563 49.2280436, 7.0538461 49.24104490000001, 7.0437258 49.2436858))
18189	66265	40.071957	POLYGON ((6.9221459 49.368019, 6.9314141 49.3676348, 6.9318892 49.3752775, 6.937964300000001 49.3728668, 6.9371654 49.3767424, 6.9441994 49.3776043, 6.949818600000001 49.3736187, 6.956566700000001 49.3738967, 6.9573886 49.3648669, 6.9645929 49.35647980000001, 7.0000185 49.3590194, 7.010563 49.3599543, 7.0154683 49.3571616, 7.0208045 49.3591984, 7.0142605 49.3498874, 7.017144500000001 49.3499417, 7.0143902 49.345692, 7.018113600000001 49.3404883, 7.0011096 49.3311104, 7.0026931 49.3234967, 6.9991748 49.325139, 6.9918604 49.3220676, 6.9894684 49.3185717, 6.983356 49.319977, 6.978045 49.3240094, 6.9676274 49.3203788, 6.9622371 49.3247352, 6.9572044 49.32344530000001, 6.9468878 49.3269091, 6.9372051 49.3222241, 6.9232722 49.3274338, 6.9225983 49.3313979, 6.913469800000001 49.3307585, 6.9011622 49.3251653, 6.8769917 49.3266872, 6.8751111 49.3267517, 6.8804402 49.3309147, 6.8802381 49.3356134, 6.8717112 49.3445666, 6.8631982 49.3470016, 6.8782729 49.346349, 6.9035963 49.3552879, 6.9221459 49.368019))
11419	66271	27.210866	POLYGON ((7.0295099 49.1766656, 7.0441007 49.1727807, 7.0559883 49.1772138, 7.064012 49.1736315, 7.0695153 49.1769646, 7.0755637 49.1721922, 7.0899334 49.17939230000001, 7.0975859 49.1814833, 7.111997500000001 49.176195, 7.126998400000001 49.1772103, 7.1293801 49.1725196, 7.1079638 49.1635778, 7.1009938 49.1555261, 7.0906867 49.1518774, 7.0839923 49.15342260000001, 7.0803587 49.1489623, 7.0895426 49.1303434, 7.0721241 49.1243568, 7.0666026 49.1142815, 7.0520348 49.1129465, 7.0445087 49.1194793, 7.0468186 49.1369703, 7.0321156 49.1569177, 7.0332945 49.1636711, 7.027756 49.1702834, 7.0295099 49.1766656))
16605	66280	16.058006	POLYGON ((7.0324296 49.2961108, 7.0431735 49.3018352, 7.035324 49.3080144, 7.0478249 49.3152215, 7.0543434 49.3155598, 7.0675771 49.3125591, 7.0784313 49.3209592, 7.0847833 49.3201878, 7.0891091 49.3160592, 7.106062000000001 49.3156958, 7.1168495 49.3098952, 7.1116207 49.3056555, 7.098128600000001 49.3017379, 7.095721 49.3035837, 7.0907537 49.2996321, 7.0928074 49.2971334, 7.0827964 49.2945626, 7.0864981 49.2821447, 7.0784557 49.280647, 7.0802152 49.2752789, 7.0620746 49.2717948, 7.0542996 49.286922, 7.0324296 49.2961108))
13504	66287	20.329491	POLYGON ((6.9918604 49.3220676, 6.9991748 49.325139, 7.0026931 49.3234967, 7.0011096 49.3311104, 7.018113600000001 49.3404883, 7.0143902 49.345692, 7.017144500000001 49.3499417, 7.023342 49.3502608, 7.0281416 49.3479835, 7.0427254 49.34959500000001, 7.0470814 49.3428767, 7.0523232 49.345354, 7.0602949 49.3427953, 7.061843900000001 49.3307889, 7.0594846 49.3196496, 7.0543434 49.3155598, 7.0478249 49.3152215, 7.035324 49.3080144, 7.0431735 49.3018352, 7.0324296 49.2961108, 7.014515 49.2832669, 7.0038243 49.2865388, 7.0124386 49.29026390000001, 7.0124909 49.2950113, 7.0166324 49.2953195, 7.0071206 49.3023387, 7.0067826 49.3115752, 6.9918604 49.3220676))
14764	66292	14.667624	POLYGON ((6.9011622 49.3251653, 6.913469800000001 49.3307585, 6.9225983 49.3313979, 6.9232722 49.3274338, 6.9372051 49.3222241, 6.9468878 49.3269091, 6.9572044 49.32344530000001, 6.9622371 49.3247352, 6.9676274 49.3203788, 6.978045 49.3240094, 6.983356 49.319977, 6.9696045 49.314263, 6.967731 49.3047846, 6.9586104 49.2974266, 6.9559517 49.2897498, 6.953638 49.2912636, 6.946239000000001 49.28625360000001, 6.9328205 49.2867154, 6.9319108 49.2826669, 6.9242285 49.2825695, 6.9195744 49.2851852, 6.928600300000001 49.2919099, 6.9212696 49.2972071, 6.9281752 49.3035053, 6.9243511 49.3054316, 6.9291187 49.3140424, 6.9101171 49.3172791, 6.9011622 49.3251653))
10377	66299	8.999188	POLYGON ((7.0543434 49.3155598, 7.0594846 49.3196496, 7.061843900000001 49.3307889, 7.0710404 49.32892880000001, 7.0751338 49.3444011, 7.0865545 49.3467799, 7.0938972 49.33753, 7.0999193 49.3406665, 7.101031100000001 49.3378289, 7.1146049 49.3372628, 7.1143692 49.3340823, 7.1058824 49.33185450000001, 7.113356800000001 49.3231012, 7.106062000000001 49.3156958, 7.0891091 49.3160592, 7.0847833 49.3201878, 7.0784313 49.3209592, 7.0675771 49.3125591, 7.0543434 49.3155598))
38818	66333	67.021856	POLYGON ((6.7232312 49.2189017, 6.7389839 49.2282939, 6.7397428 49.2263061, 6.7671489 49.2228115, 6.7820068 49.2279849, 6.792102200000001 49.2360656, 6.7937243 49.23341810000001, 6.7984076 49.2335906, 6.7973969 49.23985400000001, 6.8108097 49.2407945, 6.8233599 49.2555419, 6.8326075 49.2582926, 6.8336754 49.2559498, 6.8382887 49.2568657, 6.8204228 49.2698188, 6.8247047 49.2742608, 6.8555329 49.27217340000001, 6.8768178 49.2740003, 6.883787100000001 49.2652453, 6.892360200000001 49.2663896, 6.9042182 49.2627375, 6.9111163 49.2525652, 6.9081308 49.2462108, 6.8962215 49.2450631, 6.8862583 49.2429752, 6.8901319 49.241691, 6.8873519 49.2414878, 6.8883675 49.2370113, 6.8787485 49.2291675, 6.8599415 49.2318116, 6.8545546 49.2289299, 6.8486307 49.2327247, 6.835849000000001 49.2278094, 6.8276387 49.221709, 6.8326111 49.2140542, 6.824546500000001 49.2149341, 6.8009538 49.1989367, 6.8018537 49.1924496, 6.7946601 49.1924382, 6.7758815 49.184483, 6.7900889 49.1660842, 6.780030900000001 49.168426, 6.7385568 49.1636722, 6.7204236 49.1752618, 6.7112786 49.1884036, 6.7315126 49.2059608, 6.7232312 49.2189017))
19204	66346	23.928854	POLYGON ((6.8569497 49.2857989, 6.8669299 49.2902798, 6.859774700000001 49.2945809, 6.863381500000001 49.2970784, 6.8678436 49.2916857, 6.8796168 49.3011388, 6.8755924 49.3108156, 6.8828437 49.3165059, 6.8734818 49.3234882, 6.8769917 49.3266872, 6.9011622 49.3251653, 6.9101171 49.3172791, 6.9291187 49.3140424, 6.9243511 49.3054316, 6.9281752 49.3035053, 6.9212696 49.2972071, 6.928600300000001 49.2919099, 6.9195744 49.2851852, 6.9242285 49.2825695, 6.926505300000001 49.2802067, 6.9159826 49.2753514, 6.9042182 49.2627375, 6.892360200000001 49.2663896, 6.883787100000001 49.2652453, 6.8768178 49.2740003, 6.8555329 49.27217340000001, 6.8569497 49.2857989))
8349	66352	25.280512	POLYGON ((6.8326111 49.2140542, 6.837072600000001 49.2127518, 6.8521257 49.2002128, 6.8501175 49.1932369, 6.8618825 49.1818272, 6.8591839 49.174613, 6.844514 49.1730381, 6.8473818 49.15717110000001, 6.834175300000001 49.1512816, 6.7900889 49.1660842, 6.7758815 49.184483, 6.7946601 49.1924382, 6.8018537 49.1924496, 6.8009538 49.1989367, 6.824546500000001 49.2149341, 6.8326111 49.2140542))
7099	66359	7.61248	POLYGON ((6.774695 49.277692, 6.7802763 49.27899450000001, 6.7832578 49.2860091, 6.78693 49.2870283, 6.7928911 49.2835458, 6.8218318 49.2868343, 6.8272196 49.2831181, 6.8433471 49.2857803, 6.8517279 49.2820268, 6.8569497 49.2857989, 6.8555329 49.27217340000001, 6.8247047 49.2742608, 6.8204228 49.2698188, 6.780491400000001 49.2739741, 6.774695 49.277692))
36653	66386	49.918104	POLYGON ((7.0620746 49.2717948, 7.0802152 49.2752789, 7.0784557 49.280647, 7.0864981 49.2821447, 7.0827964 49.2945626, 7.0928074 49.2971334, 7.0907537 49.2996321, 7.095721 49.3035837, 7.098128600000001 49.3017379, 7.1116207 49.3056555, 7.1168495 49.3098952, 7.139172800000001 49.301147, 7.1578703 49.3011433, 7.1613204 49.2958181, 7.1719151 49.3040537, 7.1875312 49.3057233, 7.184724299999999 49.3024549, 7.1878698 49.2965846, 7.179731799999999 49.2918744, 7.184605299999999 49.2855938, 7.193569900000001 49.2780096, 7.1876557 49.2738675, 7.1883312 49.259758, 7.184767599999999 49.2574476, 7.1850119 49.2514738, 7.1786598 49.2503233, 7.1673335 49.2497002, 7.1645371 49.244792, 7.166843500000001 49.2418347, 7.1549123 49.23816480000001, 7.1528521 49.2425886, 7.1405032 49.2367683, 7.1292496 49.2403547, 7.1303471 49.2452537, 7.1220235 49.2459087, 7.1082128 49.2563988, 7.1035219 49.25595, 7.089059 49.2458262, 7.079444 49.2498031, 7.0832078 49.255897, 7.0764802 49.2583623, 7.0689489 49.2554081, 7.0626344 49.2614383, 7.0620746 49.2717948))
11146	66399	57.75288	POLYGON ((7.111997500000001 49.176195, 7.1058458 49.1856719, 7.1132383 49.1914994, 7.1182381 49.1928963, 7.1172421 49.19832550000001, 7.1278176 49.2067866, 7.1288784 49.212043, 7.1359292 49.2106544, 7.1380203 49.2128541, 7.1362574 49.21697540000001, 7.1307812 49.218302, 7.1266127 49.21630750000001, 7.1223923 49.22226280000001, 7.1292496 49.2403547, 7.1405032 49.2367683, 7.1528521 49.2425886, 7.1549123 49.23816480000001, 7.166843500000001 49.2418347, 7.1645371 49.244792, 7.1673335 49.2497002, 7.1786598 49.2503233, 7.191183300000001 49.2444071, 7.1861771 49.2412946, 7.1800926 49.224796, 7.1800248 49.2116146, 7.187505300000001 49.2070354, 7.1998055 49.2116375, 7.2023569 49.1946543, 7.193608600000001 49.1853015, 7.180144 49.1787273, 7.184444600000001 49.1634523, 7.1689563 49.1577754, 7.1608311 49.15032, 7.1637818 49.1473516, 7.1589674 49.1390109, 7.1596145 49.1314718, 7.163249800000001 49.12681820000001, 7.1594015 49.1204144, 7.1357742 49.1284668, 7.1261554 49.1419566, 7.104009 49.1383925, 7.1037082 49.1456819, 7.1131721 49.1519415, 7.1009938 49.1555261, 7.1079638 49.1635778, 7.1293801 49.1725196, 7.126998400000001 49.1772103, 7.111997500000001 49.176195))
41562	66424	82.230961	POLYGON ((7.3021548 49.3859717, 7.3311729 49.3788464, 7.3557947 49.3797644, 7.354878200000001 49.374497, 7.3693445 49.3739625, 7.3662876 49.3634952, 7.395034600000001 49.3712507, 7.399450700000001 49.3718794, 7.401903099999999 49.3681098, 7.3931444 49.3633983, 7.402768 49.3559412, 7.3911417 49.3531985, 7.3914066 49.3499058, 7.399214500000001 49.3514627, 7.398276700000001 49.347999, 7.403666900000001 49.3461213, 7.402853 49.3376912, 7.396698899999999 49.3358904, 7.3847966 49.3207975, 7.377826700000001 49.3200022, 7.381162200000001 49.3163136, 7.3860771 49.3201476, 7.3927385 49.3208191, 7.3944283 49.3163216, 7.390018000000001 49.31196510000001, 7.3920497 49.30930240000001, 7.383687900000001 49.3098473, 7.380751300000001 49.3068226, 7.3797785 49.2989605, 7.387127400000001 49.2937691, 7.3737634 49.2809515, 7.3672683 49.2829613, 7.3651676 49.2781858, 7.3557552 49.2836947, 7.340588099999999 49.2810125, 7.334995900000001 49.2775489, 7.3450435 49.2735323, 7.3448975 49.27117860000001, 7.3387557 49.2637482, 7.326373199999999 49.258464, 7.3288218 49.2559613, 7.3245345 49.2480502, 7.312070899999999 49.2558759, 7.30795 49.2634954, 7.3038409 49.26379010000001, 7.3031392 49.2595594, 7.2985279 49.2580872, 7.2887975 49.260232, 7.2986915 49.2653915, 7.302159799999999 49.2746424, 7.296154999999999 49.2748499, 7.2971879 49.2731938, 7.285472900000001 49.2760025, 7.282647599999999 49.2802292, 7.293357300000001 49.2869068, 7.302563200000001 49.2875567, 7.2992389 49.289153, 7.3041092 49.2909272, 7.292332 49.2987447, 7.286294500000001 49.2949205, 7.280555000000001 49.3009355, 7.304457700000001 49.3008785, 7.304383200000001 49.305755, 7.2998712 49.30661340000001, 7.298280200000001 49.3108912, 7.3164228 49.3214928, 7.3004452 49.3404302, 7.305666 49.357622, 7.2851349 49.3607309, 7.286050700000001 49.3640383, 7.275300800000001 49.3755729, 7.2737168 49.3823832, 7.281082199999999 49.3857764, 7.3021548 49.3859717))
21247	66440	108.354694	POLYGON ((7.1786598 49.2503233, 7.1850119 49.2514738, 7.184767599999999 49.2574476, 7.1883312 49.259758, 7.2053818 49.2708909, 7.2221262 49.2668859, 7.239233900000001 49.2713694, 7.250299200000001 49.266632, 7.255050799999999 49.277002, 7.2642828 49.2798912, 7.286294500000001 49.2949205, 7.292332 49.2987447, 7.3041092 49.2909272, 7.2992389 49.289153, 7.302563200000001 49.2875567, 7.293357300000001 49.2869068, 7.282647599999999 49.2802292, 7.285472900000001 49.2760025, 7.2971879 49.2731938, 7.296154999999999 49.2748499, 7.302159799999999 49.2746424, 7.2986915 49.2653915, 7.2887975 49.260232, 7.2985279 49.2580872, 7.3031392 49.2595594, 7.3038409 49.26379010000001, 7.30795 49.2634954, 7.312070899999999 49.2558759, 7.306347200000001 49.2561614, 7.304175 49.2454995, 7.289297899999999 49.2381773, 7.2942998 49.2346636, 7.2889466 49.2304181, 7.3040304 49.2221488, 7.298452000000001 49.2136187, 7.3013272 49.2097028, 7.295621 49.2053629, 7.3039352 49.205647, 7.3198038 49.1899493, 7.3383988 49.1843799, 7.3359768 49.1756873, 7.3430409 49.1730626, 7.3502261 49.1629127, 7.3612202 49.1613038, 7.3627273 49.158362, 7.368961800000001 49.1616885, 7.3625407 49.1564375, 7.3626813 49.1432614, 7.3300216 49.1449957, 7.313659100000001 49.1371876, 7.3102707 49.1295768, 7.3008138 49.1357078, 7.3036678 49.1472452, 7.3073396 49.149166, 7.303641900000001 49.1541718, 7.299515000000001 49.1536099, 7.276218200000001 49.1629066, 7.270630999999999 49.1721803, 7.260350000000001 49.1704572, 7.270079400000001 49.1792968, 7.263301000000001 49.1812297, 7.2541853 49.179883, 7.2486969 49.1867192, 7.2438823 49.1808726, 7.238922499999999 49.1820823, 7.2301379 49.176504, 7.2134415 49.18487520000001, 7.212487700000001 49.1929062, 7.2023569 49.1946543, 7.1998055 49.2116375, 7.187505300000001 49.2070354, 7.1800248 49.2116146, 7.1800926 49.224796, 7.1861771 49.2412946, 7.191183300000001 49.2444071, 7.1786598 49.2503233))
18054	66450	31.231331	POLYGON ((7.2615278 49.3970621, 7.2742662 49.4020038, 7.2845867 49.4023088, 7.2928486 49.4078807, 7.2970677 49.4045753, 7.2943284 49.4010427, 7.2988987 49.3984403, 7.289663 49.3932298, 7.289704099999999 49.3896592, 7.3032371 49.3891973, 7.3021548 49.3859717, 7.281082199999999 49.3857764, 7.2737168 49.3823832, 7.275300800000001 49.3755729, 7.286050700000001 49.3640383, 7.2851349 49.3607309, 7.305666 49.357622, 7.3004452 49.3404302, 7.287512000000001 49.3376787, 7.2881337 49.3305757, 7.2721258 49.3219075, 7.268947299999999 49.3230018, 7.263038299999999 49.3242324, 7.2625695 49.326959, 7.254688800000001 49.3263268, 7.243895800000001 49.3300009, 7.2374279 49.3344504, 7.2342546 49.3400982, 7.2379755 49.34097040000001, 7.240754900000001 49.347652, 7.2404897 49.3565073, 7.2341061 49.3614183, 7.2253013 49.3611704, 7.219616099999999 49.3638411, 7.2213719 49.3698794, 7.2385294 49.382621, 7.2506556 49.3858596, 7.255087 49.3973113, 7.2615278 49.3970621))
6784	66453	57.277397	POLYGON ((7.2023569 49.1946543, 7.212487700000001 49.1929062, 7.2134415 49.18487520000001, 7.2301379 49.176504, 7.238922499999999 49.1820823, 7.2438823 49.1808726, 7.2486969 49.1867192, 7.2541853 49.179883, 7.263301000000001 49.1812297, 7.270079400000001 49.1792968, 7.260350000000001 49.1704572, 7.270630999999999 49.1721803, 7.276218200000001 49.1629066, 7.299515000000001 49.1536099, 7.303641900000001 49.1541718, 7.3073396 49.149166, 7.3036678 49.1472452, 7.3008138 49.1357078, 7.3102707 49.1295768, 7.293555600000001 49.1149892, 7.2826221 49.1169391, 7.2817804 49.1245431, 7.2658046 49.1227567, 7.244965100000001 49.1300153, 7.2055047 49.123553, 7.1983217 49.1152079, 7.1966464 49.1217049, 7.186157400000001 49.1311852, 7.163249800000001 49.12681820000001, 7.1596145 49.1314718, 7.1589674 49.1390109, 7.1637818 49.1473516, 7.1608311 49.15032, 7.1689563 49.1577754, 7.184444600000001 49.1634523, 7.180144 49.1787273, 7.193608600000001 49.1853015, 7.2023569 49.1946543))
10039	66459	31.186304	POLYGON ((7.184605299999999 49.2855938, 7.244223799999999 49.3026499, 7.2513817 49.310885, 7.2419377 49.3148932, 7.2515222 49.3196602, 7.2626798 49.317245, 7.268947299999999 49.3230018, 7.2721258 49.3219075, 7.2881337 49.3305757, 7.287512000000001 49.3376787, 7.3004452 49.3404302, 7.3164228 49.3214928, 7.298280200000001 49.3108912, 7.2998712 49.30661340000001, 7.304383200000001 49.305755, 7.304457700000001 49.3008785, 7.280555000000001 49.3009355, 7.286294500000001 49.2949205, 7.2642828 49.2798912, 7.255050799999999 49.277002, 7.250299200000001 49.266632, 7.239233900000001 49.2713694, 7.2221262 49.2668859, 7.2053818 49.2708909, 7.1883312 49.259758, 7.1876557 49.2738675, 7.193569900000001 49.2780096, 7.184605299999999 49.2855938))
20341	66538	13.832806	POLYGON ((7.205236800000001 49.3560843, 7.217137800000001 49.3535109, 7.2092162 49.3483698, 7.211573899999999 49.3420477, 7.205157299999999 49.3287136, 7.180403 49.3200188, 7.1742101 49.3257611, 7.1551202 49.323366, 7.1570296 49.331296, 7.1476703 49.3402412, 7.1480688 49.3492292, 7.174651599999999 49.3551563, 7.178488 49.3537764, 7.1804397 49.3570593, 7.205236800000001 49.3560843))
12273	66539	25.925256	POLYGON ((7.1875312 49.3057233, 7.1835258 49.3103013, 7.1884329 49.31291950000001, 7.180403 49.3200188, 7.205157299999999 49.3287136, 7.211573899999999 49.3420477, 7.2092162 49.3483698, 7.217137800000001 49.3535109, 7.205236800000001 49.3560843, 7.205534500000001 49.358855, 7.219616099999999 49.3638411, 7.2253013 49.3611704, 7.2341061 49.3614183, 7.2404897 49.3565073, 7.240754900000001 49.347652, 7.2379755 49.34097040000001, 7.2342546 49.3400982, 7.2374279 49.3344504, 7.243895800000001 49.3300009, 7.254688800000001 49.3263268, 7.2625695 49.326959, 7.263038299999999 49.3242324, 7.268947299999999 49.3230018, 7.2626798 49.317245, 7.2515222 49.3196602, 7.2419377 49.3148932, 7.2513817 49.310885, 7.244223799999999 49.3026499, 7.184605299999999 49.2855938, 7.179731799999999 49.2918744, 7.1878698 49.2965846, 7.184724299999999 49.3024549, 7.1875312 49.3057233))
13630	66540	35.626303	POLYGON ((7.1146049 49.3372628, 7.1215006 49.3378401, 7.1170516 49.3415245, 7.1245276 49.3414499, 7.1408222 49.3543062, 7.142154 49.3684709, 7.146261600000001 49.3688687, 7.1505436 49.3863119, 7.1536607 49.3900526, 7.1698596 49.393392, 7.1768638 49.3843532, 7.1923795 49.3932476, 7.205604 49.3936412, 7.211655699999999 49.3891099, 7.2194632 49.3950063, 7.235887600000001 49.3967544, 7.2413006 49.4069584, 7.2484325 49.4072254, 7.260136500000001 49.4030065, 7.2615278 49.3970621, 7.255087 49.3973113, 7.2506556 49.3858596, 7.2385294 49.382621, 7.2213719 49.3698794, 7.219616099999999 49.3638411, 7.205534500000001 49.358855, 7.205236800000001 49.3560843, 7.1804397 49.3570593, 7.178488 49.3537764, 7.174651599999999 49.3551563, 7.1480688 49.3492292, 7.1476703 49.3402412, 7.1570296 49.331296, 7.1551202 49.323366, 7.1476294 49.32091, 7.1343747 49.3232987, 7.1169263 49.3208234, 7.113356800000001 49.3231012, 7.1058824 49.33185450000001, 7.1143692 49.3340823, 7.1146049 49.3372628))
17036	66557	36.449393	POLYGON ((7.0549983 49.4164366, 7.059899 49.4092586, 7.0693299 49.4117678, 7.0814948 49.4105977, 7.0911013 49.4144414, 7.0964633 49.4125151, 7.1044824 49.4159566, 7.113422000000001 49.407446, 7.1213252 49.4045648, 7.1241885 49.396513, 7.1079927 49.3965945, 7.1066177 49.3926765, 7.0901642 49.3893551, 7.0891424 49.38524780000001, 7.0951979 49.385587, 7.0985625 49.3777251, 7.064396 49.3802675, 7.0628974 49.376874, 7.0705819 49.3752603, 7.0680325 49.3732353, 7.0724278 49.369683, 7.0702941 49.3648137, 7.0542384 49.3650783, 7.0470713 49.36077340000001, 7.0433173 49.3619109, 7.0387287 49.3586189, 7.0404715 49.3552214, 7.023342 49.3502608, 7.017144500000001 49.3499417, 7.0142605 49.3498874, 7.0208045 49.3591984, 7.0154683 49.3571616, 7.010563 49.3599543, 7.0000185 49.3590194, 6.9954871 49.367928, 6.9947065 49.3840741, 7.0059997 49.3867764, 7.0057763 49.3901284, 7.0142408 49.3951251, 7.0204833 49.3942326, 7.0201609 49.3994529, 7.0313113 49.4017509, 7.029082 49.4071885, 7.0390581 49.4084315, 7.0549983 49.4164366))
14960	66564	45.385365	POLYGON ((7.1024575 49.4208236, 7.107719000000001 49.4235412, 7.102942600000001 49.4243422, 7.10765 49.4293013, 7.1153459 49.4288857, 7.1148909 49.42698990000001, 7.1196413 49.4298885, 7.124366600000001 49.42677590000001, 7.1299078 49.4292096, 7.133778300000001 49.42034060000001, 7.1485802 49.4160871, 7.1698991 49.42335430000001, 7.1927665 49.4271893, 7.195051499999999 49.43191040000001, 7.206684799999999 49.4345541, 7.2078711 49.4410854, 7.226716 49.42911470000001, 7.2357607 49.4275049, 7.2528242 49.431235, 7.261117200000001 49.423384, 7.272781400000001 49.4242243, 7.282267 49.4174601, 7.291253 49.4158558, 7.2928486 49.4078807, 7.2845867 49.4023088, 7.2742662 49.4020038, 7.2615278 49.3970621, 7.260136500000001 49.4030065, 7.2484325 49.4072254, 7.2413006 49.4069584, 7.235887600000001 49.3967544, 7.2194632 49.3950063, 7.211655699999999 49.3891099, 7.205604 49.3936412, 7.1923795 49.3932476, 7.1768638 49.3843532, 7.1698596 49.393392, 7.1536607 49.3900526, 7.1505436 49.3863119, 7.1241885 49.396513, 7.1213252 49.4045648, 7.113422000000001 49.407446, 7.1044824 49.4159566, 7.0964633 49.4125151, 7.0911013 49.4144414, 7.0941264 49.4217589, 7.1024575 49.4208236))
17740	66571	46.75922	POLYGON ((6.9893499 49.4366717, 6.9953289 49.4379674, 6.9957489 49.4347189, 7.009657 49.4332691, 7.009219 49.4306064, 7.0177818 49.4308963, 7.0176459 49.4272758, 7.023408 49.4239381, 7.0407676 49.4223053, 7.0475786 49.4268028, 7.0549983 49.4164366, 7.0390581 49.4084315, 7.029082 49.4071885, 7.0313113 49.4017509, 7.0201609 49.3994529, 7.0204833 49.3942326, 7.0142408 49.3951251, 7.0057763 49.3901284, 7.0059997 49.3867764, 6.9947065 49.3840741, 6.9954871 49.367928, 7.0000185 49.3590194, 6.9645929 49.35647980000001, 6.9573886 49.3648669, 6.956566700000001 49.3738967, 6.949818600000001 49.3736187, 6.9441994 49.3776043, 6.9390192 49.3820298, 6.9392837 49.3885481, 6.9352677 49.3896939, 6.9387742 49.3930505, 6.930821300000001 49.397762, 6.9232704 49.3958962, 6.9298086 49.4023364, 6.9174973 49.4128644, 6.9235329 49.4142873, 6.9229976 49.4214691, 6.9313553 49.4246538, 6.9320057 49.4288838, 6.9406059 49.424678, 6.9520035 49.4241073, 6.9663652 49.4318382, 6.9893499 49.4366717))
15999	66578	21.395578	POLYGON ((7.0985625 49.3777251, 7.0951979 49.385587, 7.0891424 49.38524780000001, 7.0901642 49.3893551, 7.1066177 49.3926765, 7.1079927 49.3965945, 7.1241885 49.396513, 7.1505436 49.3863119, 7.146261600000001 49.3688687, 7.142154 49.3684709, 7.1408222 49.3543062, 7.1245276 49.3414499, 7.1170516 49.3415245, 7.1215006 49.3378401, 7.1146049 49.3372628, 7.101031100000001 49.3378289, 7.0999193 49.3406665, 7.0938972 49.33753, 7.0865545 49.3467799, 7.0792437 49.3547328, 7.0847435 49.3562549, 7.0936051 49.3651379, 7.1028354 49.3668354, 7.0985625 49.3777251))
13507	66583	11.430562	POLYGON ((7.106062000000001 49.3156958, 7.113356800000001 49.3231012, 7.1169263 49.3208234, 7.1343747 49.3232987, 7.1476294 49.32091, 7.1551202 49.323366, 7.1742101 49.3257611, 7.180403 49.3200188, 7.1884329 49.31291950000001, 7.1835258 49.3103013, 7.1875312 49.3057233, 7.1719151 49.3040537, 7.1613204 49.2958181, 7.1578703 49.3011433, 7.139172800000001 49.301147, 7.1168495 49.3098952, 7.106062000000001 49.3156958))
10244	66589	12.748606	POLYGON ((7.023342 49.3502608, 7.0404715 49.3552214, 7.0387287 49.3586189, 7.0433173 49.3619109, 7.0470713 49.36077340000001, 7.0542384 49.3650783, 7.0702941 49.3648137, 7.0724278 49.369683, 7.0680325 49.3732353, 7.0705819 49.3752603, 7.0628974 49.376874, 7.064396 49.3802675, 7.0985625 49.3777251, 7.1028354 49.3668354, 7.0936051 49.3651379, 7.0847435 49.3562549, 7.0792437 49.3547328, 7.0865545 49.3467799, 7.0751338 49.3444011, 7.0710404 49.32892880000001, 7.061843900000001 49.3307889, 7.0602949 49.3427953, 7.0523232 49.345354, 7.0470814 49.3428767, 7.0427254 49.34959500000001, 7.0281416 49.3479835, 7.023342 49.3502608))
26246	66606	113.276772	POLYGON ((7.0820047 49.501347, 7.1103936 49.5045072, 7.1294422 49.5114119, 7.1310892 49.506944, 7.1427616 49.5073687, 7.151338 49.4924311, 7.1493459 49.48641420000001, 7.1539155 49.4855078, 7.1647946 49.4878147, 7.165084300000001 49.4911162, 7.1742797 49.4927058, 7.183334400000001 49.500103, 7.1834964 49.4980546, 7.194611000000001 49.4994469, 7.2066026 49.5078838, 7.2059316 49.5018639, 7.216592500000001 49.5066333, 7.2186501 49.51071480000001, 7.255660200000001 49.4992609, 7.267301700000001 49.5006224, 7.269444799999999 49.5045826, 7.2814185 49.5051704, 7.2852653 49.5045087, 7.282681400000001 49.5014225, 7.2871604 49.4988799, 7.2781844 49.4841756, 7.2930333 49.4818069, 7.2959949 49.4833477, 7.305642499999999 49.4741398, 7.299354699999999 49.465748, 7.2863133 49.4599104, 7.2873842 49.4564158, 7.2462765 49.4461825, 7.2553578 49.4405665, 7.2504577 49.4349733, 7.2528242 49.431235, 7.2357607 49.4275049, 7.226716 49.42911470000001, 7.2078711 49.4410854, 7.206684799999999 49.4345541, 7.195051499999999 49.43191040000001, 7.1927665 49.4271893, 7.1698991 49.42335430000001, 7.1485802 49.4160871, 7.133778300000001 49.42034060000001, 7.1299078 49.4292096, 7.124366600000001 49.42677590000001, 7.1196413 49.4298885, 7.1148909 49.42698990000001, 7.1153459 49.4288857, 7.10765 49.4293013, 7.102942600000001 49.4243422, 7.107719000000001 49.4235412, 7.1024575 49.4208236, 7.1015575 49.43464040000001, 7.0934682 49.4409508, 7.0929931 49.4511853, 7.111932000000001 49.4585817, 7.1031517 49.4615433, 7.0929464 49.460167, 7.0887729 49.464265, 7.0890059 49.4807929, 7.0677384 49.4971727, 7.0820047 49.501347))
8870	66620	66.45615	POLYGON ((6.8918945 49.6130328, 6.8951041 49.6158895, 6.9062555 49.6141737, 6.9206664 49.6165614, 6.9294601 49.6125249, 6.927701700000001 49.6181803, 6.9349971 49.6159446, 6.9375941 49.6178007, 6.9342724 49.6217569, 6.9380259 49.62472450000001, 6.9333866 49.6310668, 6.9447108 49.6359292, 6.9486645 49.6350907, 6.951336 49.6251485, 6.9583 49.6307179, 6.9599357 49.62888310000001, 6.9665318 49.6304579, 6.9751275 49.6354974, 6.9783511 49.6358443, 6.9784011 49.6326057, 6.9889036 49.6329906, 6.9915677 49.635465, 6.986088 49.621078, 7.0013558 49.6313008, 7.0085198 49.6295407, 7.0062532 49.6255741, 7.0131271 49.6238194, 7.0176289 49.6094419, 7.0295935 49.6039947, 7.039776100000001 49.6053336, 7.0361613 49.5983948, 7.0414401 49.5954149, 7.0351053 49.5867248, 7.0204797 49.5840631, 7.0120891 49.5878378, 7.0090715 49.5853369, 7.0207962 49.5801041, 7.0149436 49.5755484, 7.0169488 49.5721921, 7.0133786 49.5697732, 7.0084822 49.5722141, 6.9963414 49.5707619, 6.990853 49.5635301, 6.9964992 49.5621383, 6.9979035 49.557917, 6.992403 49.5560368, 6.9939666 49.5493878, 6.998834000000001 49.5461186, 6.9963143 49.5424854, 7.0024473 49.5433043, 7.009114 49.5381399, 7.0156268 49.5373923, 7.0156001 49.5255988, 6.9928294 49.5147975, 6.9772425 49.5106218, 6.9685271 49.5123017, 6.961563 49.509332, 6.9550324 49.5120433, 6.9531149 49.5331028, 6.959004 49.5423808, 6.9543022 49.5537204, 6.96296 49.5594363, 6.9610977 49.5620726, 6.9561354 49.5616946, 6.9567133 49.5654522, 6.9485695 49.5662221, 6.9529319 49.5704486, 6.9497873 49.5738713, 6.9554265 49.5794476, 6.9521739 49.5828243, 6.958554 49.58599390000001, 6.9550695 49.5908843, 6.9565263 49.5976636, 6.9534227 49.5945889, 6.9339575 49.5995284, 6.909551 49.5941839, 6.9056956 49.59043440000001, 6.8952351 49.5972626, 6.8918945 49.6130328))
10277	66625	101.752786	POLYGON ((7.0085198 49.6295407, 7.0123594 49.62838560000001, 7.027988 49.639343, 7.0592575 49.630237, 7.079845400000001 49.6118711, 7.0881834 49.5994375, 7.092685700000001 49.603488, 7.1009775 49.6023823, 7.1002246 49.6056479, 7.1081557 49.5986053, 7.1296704 49.5957749, 7.1413268 49.5970028, 7.146469 49.6025422, 7.1597611 49.6024242, 7.172276300000001 49.6009434, 7.175707799999999 49.59526410000001, 7.1712425 49.5875619, 7.182140999999999 49.5825915, 7.186742300000001 49.5758012, 7.2100141 49.5771375, 7.2139811 49.5744006, 7.210550199999999 49.5685899, 7.2050754 49.5682036, 7.192897000000001 49.5586191, 7.1784356 49.55685800000001, 7.170391900000001 49.5460109, 7.1607552 49.5377115, 7.1495059 49.5393633, 7.1420097 49.5438197, 7.139686 49.5509063, 7.1347036 49.5480027, 7.1201365 49.5509665, 7.106219200000001 49.5484014, 7.1003094 49.5518944, 7.0916602 49.5503724, 7.089604 49.5474342, 7.08354 49.5479512, 7.0905382 49.539684, 7.0858488 49.535535, 7.0806094 49.5334905, 7.0707479 49.5357242, 7.0597568 49.5245327, 7.0498767 49.5253865, 7.0484728 49.5230847, 7.0348226 49.5220513, 7.0257888 49.5265508, 7.0230729 49.5245107, 7.0156001 49.5255988, 7.0156268 49.5373923, 7.009114 49.5381399, 7.0024473 49.5433043, 6.9963143 49.5424854, 6.998834000000001 49.5461186, 6.9939666 49.5493878, 6.992403 49.5560368, 6.9979035 49.557917, 6.9964992 49.5621383, 6.990853 49.5635301, 6.9963414 49.5707619, 7.0084822 49.5722141, 7.0133786 49.5697732, 7.0169488 49.5721921, 7.0149436 49.5755484, 7.0207962 49.5801041, 7.0090715 49.5853369, 7.0120891 49.5878378, 7.0204797 49.5840631, 7.0351053 49.5867248, 7.0414401 49.5954149, 7.0361613 49.5983948, 7.039776100000001 49.6053336, 7.0295935 49.6039947, 7.0176289 49.6094419, 7.0131271 49.6238194, 7.0062532 49.6255741, 7.0085198 49.6295407))
8277	66629	47.929381	POLYGON ((7.210550199999999 49.5685899, 7.218908600000001 49.5649737, 7.236721200000001 49.5678282, 7.2414133 49.5706474, 7.2394737 49.572803, 7.252612899999999 49.5739015, 7.2621375 49.5840984, 7.268558200000001 49.5839606, 7.2623275 49.5719368, 7.2752307 49.5577614, 7.2769354 49.5486094, 7.2760336 49.5376316, 7.287321699999999 49.5346147, 7.303061500000001 49.5356317, 7.2995498 49.5291315, 7.309201000000001 49.5235266, 7.307706200000001 49.5197804, 7.301361000000001 49.5179608, 7.298700500000001 49.5178281, 7.301865100000001 49.5214015, 7.299063400000001 49.5204122, 7.2967898 49.5228397, 7.2858495 49.5168482, 7.288685999999999 49.5130825, 7.2827964 49.5099479, 7.2814185 49.5051704, 7.269444799999999 49.5045826, 7.267301700000001 49.5006224, 7.255660200000001 49.4992609, 7.2186501 49.51071480000001, 7.216592500000001 49.5066333, 7.2059316 49.5018639, 7.2066026 49.5078838, 7.198591500000001 49.5259176, 7.202063 49.5382249, 7.175761299999999 49.5389223, 7.1763113 49.54533300000001, 7.170391900000001 49.5460109, 7.1784356 49.55685800000001, 7.192897000000001 49.5586191, 7.2050754 49.5682036, 7.210550199999999 49.5685899))
12416	66636	57.779974	POLYGON ((6.9100551 49.5017193, 6.918316900000001 49.5077626, 6.9230522 49.5036541, 6.9285265 49.5036731, 6.9550324 49.5120433, 6.961563 49.509332, 6.9685271 49.5123017, 6.9772425 49.5106218, 6.9928294 49.5147975, 7.0156001 49.5255988, 7.0230729 49.5245107, 7.0257888 49.5265508, 7.0348226 49.5220513, 7.0484728 49.5230847, 7.0519614 49.5152167, 7.056393 49.5144308, 7.0558141 49.5049705, 7.0603285 49.5037269, 7.0561356 49.4985268, 7.060256 49.49832620000001, 7.0602505 49.49436130000001, 7.0623051 49.490796, 7.053769600000001 49.489498, 7.0563567 49.4865424, 7.0506238 49.4833905, 7.0474793 49.47252530000001, 7.0429137 49.4714604, 7.0460076 49.4659416, 7.0371157 49.4645679, 7.0300666 49.4599245, 7.0246509 49.4542641, 7.02677 49.4499177, 7.0067873 49.4480386, 6.9953289 49.4379674, 6.9893499 49.4366717, 6.9842796 49.4501912, 6.974314 49.4507511, 6.9785624 49.4533758, 6.9716554 49.4611999, 6.9761097 49.4656934, 6.9701176 49.4701759, 6.9722183 49.4769091, 6.9688287 49.4787479, 6.969005700000001 49.4863011, 6.9633515 49.4877919, 6.9558856 49.4849692, 6.9360806 49.4715584, 6.932312 49.4724916, 6.9248231 49.468665, 6.9117229 49.4791978, 6.9130337 49.4829991, 6.9197276 49.4836774, 6.9263025 49.4888387, 6.9100551 49.5017193))
7424	66640	25.937364	POLYGON ((7.1420097 49.5438197, 7.1495059 49.5393633, 7.1607552 49.5377115, 7.170391900000001 49.5460109, 7.1763113 49.54533300000001, 7.175761299999999 49.5389223, 7.202063 49.5382249, 7.198591500000001 49.5259176, 7.2066026 49.5078838, 7.194611000000001 49.4994469, 7.1834964 49.4980546, 7.183334400000001 49.500103, 7.1742797 49.4927058, 7.165084300000001 49.4911162, 7.1647946 49.4878147, 7.1539155 49.4855078, 7.1493459 49.48641420000001, 7.151338 49.4924311, 7.1427616 49.5073687, 7.1310892 49.506944, 7.1294422 49.5114119, 7.1233395 49.5164337, 7.1221564 49.5278372, 7.1259269 49.527387, 7.1238345 49.52962830000001, 7.1289671 49.53645180000001, 7.1420097 49.5438197))
10597	66646	39.859522	POLYGON ((6.9953289 49.4379674, 7.0067873 49.4480386, 7.02677 49.4499177, 7.0246509 49.4542641, 7.0300666 49.4599245, 7.0371157 49.4645679, 7.0460076 49.4659416, 7.0429137 49.4714604, 7.0474793 49.47252530000001, 7.0506238 49.4833905, 7.0563567 49.4865424, 7.053769600000001 49.489498, 7.0623051 49.490796, 7.0602505 49.49436130000001, 7.0751588 49.5036001, 7.0783089 49.5019644, 7.0809925 49.5035801, 7.0820047 49.501347, 7.0677384 49.4971727, 7.0890059 49.4807929, 7.0887729 49.464265, 7.0929464 49.460167, 7.1031517 49.4615433, 7.111932000000001 49.4585817, 7.0929931 49.4511853, 7.0934682 49.4409508, 7.1015575 49.43464040000001, 7.1024575 49.4208236, 7.0941264 49.4217589, 7.0911013 49.4144414, 7.0814948 49.4105977, 7.0693299 49.4117678, 7.059899 49.4092586, 7.0549983 49.4164366, 7.0475786 49.4268028, 7.0407676 49.4223053, 7.023408 49.4239381, 7.0176459 49.4272758, 7.0177818 49.4308963, 7.009219 49.4306064, 7.009657 49.4332691, 6.9957489 49.4347189, 6.9953289 49.4379674))
6164	66649	23.612783	POLYGON ((7.0484728 49.5230847, 7.0498767 49.5253865, 7.0597568 49.5245327, 7.0707479 49.5357242, 7.0806094 49.5334905, 7.0858488 49.535535, 7.0905382 49.539684, 7.08354 49.5479512, 7.089604 49.5474342, 7.0916602 49.5503724, 7.1003094 49.5518944, 7.106219200000001 49.5484014, 7.1201365 49.5509665, 7.1347036 49.5480027, 7.139686 49.5509063, 7.1420097 49.5438197, 7.1289671 49.53645180000001, 7.1238345 49.52962830000001, 7.1259269 49.527387, 7.1221564 49.5278372, 7.1233395 49.5164337, 7.1294422 49.5114119, 7.1103936 49.5045072, 7.0820047 49.501347, 7.0809925 49.5035801, 7.0783089 49.5019644, 7.0751588 49.5036001, 7.0602505 49.49436130000001, 7.060256 49.49832620000001, 7.0561356 49.4985268, 7.0603285 49.5037269, 7.0558141 49.5049705, 7.056393 49.5144308, 7.0519614 49.5152167, 7.0484728 49.5230847))
29754	66663	109.028211	POLYGON ((6.5042406 49.4478286, 6.5139239 49.4461018, 6.5311285 49.4565657, 6.5395094 49.4572081, 6.541953800000001 49.4606235, 6.5476739 49.4593751, 6.5544496 49.4812257, 6.5630985 49.4777109, 6.5737057 49.4774323, 6.57908 49.4799158, 6.5744512 49.48396230000001, 6.5821482 49.4811042, 6.6089255 49.4877125, 6.618931 49.4859887, 6.6299976 49.48977230000001, 6.6373379 49.4873757, 6.6427308 49.4911507, 6.6381192 49.5003081, 6.6452897 49.5010017, 6.6474792 49.5037626, 6.6520431 49.5048155, 6.6521699 49.4969908, 6.6553293 49.4986667, 6.6756132 49.49460140000001, 6.6763515 49.4966133, 6.6836234 49.4959698, 6.6829963 49.4913183, 6.6962248 49.4835764, 6.6901463 49.47566740000001, 6.6942344 49.4727995, 6.6915164 49.4711303, 6.693545200000001 49.4592742, 6.7093753 49.4598869, 6.7252024 49.4456169, 6.7136154 49.4383541, 6.7091021 49.4234279, 6.7032537 49.417381, 6.6988023 49.4178038, 6.6955906 49.414975, 6.7003445 49.4073582, 6.6923117 49.4075937, 6.6841424 49.3981365, 6.6769473 49.3974472, 6.6712523 49.4006836, 6.6630237 49.3984463, 6.6417369 49.411729, 6.6382501 49.4089086, 6.635734500000001 49.4110903, 6.6290554 49.40992250000001, 6.6229423 49.4041511, 6.6076885 49.4020643, 6.6004765 49.3974379, 6.5921507 49.4000466, 6.5864065 49.3990207, 6.5715076 49.4178413, 6.5649506 49.4155878, 6.5574687 49.4195594, 6.5401295 49.4333847, 6.5249516 49.4354989, 6.5042406 49.4478286))
15926	66679	96.736041	POLYGON ((6.6507816 49.5433298, 6.650688 49.5495247, 6.6529961 49.5511759, 6.6583891 49.54383850000001, 6.6642393 49.5427046, 6.6838245 49.548152, 6.6905805 49.5352664, 6.694129 49.53989390000001, 6.7005251 49.54175870000001, 6.7103622 49.55395140000001, 6.7340311 49.5601929, 6.7439371 49.5575963, 6.7572958 49.5616338, 6.7639202 49.56162320000001, 6.7723639 49.5465945, 6.7869359 49.5383474, 6.7933744 49.5284179, 6.7919302 49.5170852, 6.7971282 49.5082279, 6.8070715 49.511694, 6.810466300000001 49.5105106, 6.8121153 49.5056066, 6.8059525 49.4961301, 6.8152123 49.4924319, 6.8138336 49.4894802, 6.7998825 49.484574, 6.8002759 49.47579780000001, 6.8070751 49.4756636, 6.8050163 49.4717562, 6.7973135 49.4586326, 6.7929504 49.4573796, 6.7928071 49.4627713, 6.7842531 49.4644502, 6.7688677 49.4616165, 6.7578234 49.4542939, 6.7447991 49.454385, 6.7371927 49.4623701, 6.7151861 49.467226, 6.71046 49.4653803, 6.7093753 49.4598869, 6.693545200000001 49.4592742, 6.6915164 49.4711303, 6.6942344 49.4727995, 6.6901463 49.47566740000001, 6.6962248 49.4835764, 6.6829963 49.4913183, 6.6836234 49.4959698, 6.6763515 49.4966133, 6.6756132 49.49460140000001, 6.6553293 49.4986667, 6.6521699 49.4969908, 6.6520431 49.5048155, 6.6474792 49.5037626, 6.6426373 49.5042359, 6.6423772 49.5106748, 6.633405900000001 49.5155177, 6.6425047 49.5218228, 6.650665000000001 49.5226662, 6.64629 49.529624, 6.6496095 49.5313893, 6.6477101 49.5346388, 6.6576014 49.5410606, 6.6507816 49.5433298))
16221	66687	111.044228	POLYGON ((6.810466300000001 49.5105106, 6.8155072 49.5127221, 6.8228552 49.5109806, 6.8265108 49.5251843, 6.8295705 49.521823, 6.8513465 49.5284577, 6.8373359 49.5440246, 6.8486559 49.5442576, 6.8511864 49.5498926, 6.8447582 49.5565363, 6.8366462 49.5579344, 6.8364289 49.5617724, 6.8249464 49.56929280000001, 6.8251811 49.5712755, 6.8305617 49.5703718, 6.8349918 49.5830132, 6.8415148 49.5883056, 6.8391526 49.5926666, 6.8439528 49.5900145, 6.8573999 49.6052978, 6.8641072 49.6077927, 6.8707052 49.60813390000001, 6.8763071 49.6023684, 6.8796763 49.6083523, 6.8899168 49.6066655, 6.8840817 49.611736, 6.8918945 49.6130328, 6.8952351 49.5972626, 6.9056956 49.59043440000001, 6.909551 49.5941839, 6.9339575 49.5995284, 6.9534227 49.5945889, 6.9565263 49.5976636, 6.9550695 49.5908843, 6.958554 49.58599390000001, 6.9521739 49.5828243, 6.9554265 49.5794476, 6.9497873 49.5738713, 6.9529319 49.5704486, 6.9485695 49.5662221, 6.9567133 49.5654522, 6.9561354 49.5616946, 6.9610977 49.5620726, 6.96296 49.5594363, 6.9543022 49.5537204, 6.959004 49.5423808, 6.9531149 49.5331028, 6.9550324 49.5120433, 6.9285265 49.5036731, 6.9230522 49.5036541, 6.918316900000001 49.5077626, 6.9100551 49.5017193, 6.9029831 49.4948421, 6.8746972 49.47952300000001, 6.8536682 49.4828294, 6.8416769 49.4749983, 6.8363982 49.4756171, 6.8207068 49.4689258, 6.8127827 49.4743754, 6.8050163 49.4717562, 6.8070751 49.4756636, 6.8002759 49.47579780000001, 6.7998825 49.484574, 6.8138336 49.4894802, 6.8152123 49.4924319, 6.8059525 49.4961301, 6.8121153 49.5056066, 6.810466300000001 49.5105106))
12210	66693	78.248795	POLYGON ((6.4673765 49.5429368, 6.4737866 49.5435254, 6.4943576 49.5306129, 6.4996649 49.5304449, 6.5094435 49.5355863, 6.5149867 49.5349724, 6.5169264 49.5276712, 6.5271189 49.5306319, 6.5388892 49.5393059, 6.554662 49.5358423, 6.5637907 49.5405188, 6.5660394 49.5377921, 6.5744252 49.5343695, 6.5847617 49.5194892, 6.589325 49.5171124, 6.6004184 49.5187832, 6.6055387 49.5167005, 6.6111679 49.520763, 6.6076244 49.5276253, 6.6194787 49.530307, 6.6170031 49.5354384, 6.6323049 49.5417167, 6.6402937 49.5406568, 6.6415465 49.5375862, 6.6507816 49.5433298, 6.6576014 49.5410606, 6.6477101 49.5346388, 6.6496095 49.5313893, 6.64629 49.529624, 6.650665000000001 49.5226662, 6.6425047 49.5218228, 6.633405900000001 49.5155177, 6.6423772 49.5106748, 6.6426373 49.5042359, 6.6474792 49.5037626, 6.6452897 49.5010017, 6.6381192 49.5003081, 6.6427308 49.4911507, 6.6373379 49.4873757, 6.6299976 49.48977230000001, 6.618931 49.4859887, 6.6089255 49.4877125, 6.5821482 49.4811042, 6.5744512 49.48396230000001, 6.57908 49.4799158, 6.5737057 49.4774323, 6.5630985 49.4777109, 6.5544496 49.4812257, 6.5476739 49.4593751, 6.541953800000001 49.4606235, 6.5395094 49.4572081, 6.5311285 49.4565657, 6.5139239 49.4461018, 6.5042406 49.4478286, 6.4841108 49.4528548, 6.4897828 49.4558682, 6.4842704 49.4589246, 6.4908218 49.4648779, 6.4862451 49.4748495, 6.4975633 49.4835947, 6.4862364 49.5005842, 6.4928883 49.5042198, 6.5006209 49.5045611, 6.4929855 49.5212019, 6.4842803 49.5195426, 6.4830293 49.5220716, 6.4796986 49.5201491, 6.464793500000001 49.5217283, 6.4633154 49.5194358, 6.4472808 49.5230257, 6.4489493 49.5278346, 6.4584053 49.5285868, 6.4608854 49.5319053, 6.4772686 49.5309784, 6.4673765 49.5429368))
15368	66701	51.693147	POLYGON ((6.6630237 49.3984463, 6.6712523 49.4006836, 6.6769473 49.3974472, 6.6841424 49.3981365, 6.6923117 49.4075937, 6.7003445 49.4073582, 6.6955906 49.414975, 6.6988023 49.4178038, 6.7032537 49.417381, 6.7091021 49.4234279, 6.7136154 49.4383541, 6.7252024 49.4456169, 6.7093753 49.4598869, 6.71046 49.4653803, 6.7151861 49.467226, 6.7371927 49.4623701, 6.7447991 49.454385, 6.7578234 49.4542939, 6.7688677 49.4616165, 6.7842531 49.4644502, 6.7928071 49.4627713, 6.7929504 49.4573796, 6.7973135 49.4586326, 6.7963725 49.4542416, 6.8021526 49.45075900000001, 6.7952717 49.4464096, 6.7970134 49.4425919, 6.7853531 49.4377964, 6.7952076 49.4328, 6.7949197 49.4183606, 6.7987456 49.4157826, 6.7867249 49.406013, 6.7635292 49.4021334, 6.7530104 49.3952276, 6.7463986 49.3951263, 6.7426592 49.3959111, 6.7188696 49.3834455, 6.7156551 49.378616, 6.6960883 49.3721302, 6.6943021 49.3815987, 6.6709468 49.3900202, 6.6630237 49.3984463))
7791	66706	75.415294	POLYGON ((6.3809834 49.5510616, 6.3936751 49.547538, 6.4139991 49.54723700000001, 6.4141661 49.5433045, 6.4279556 49.5484913, 6.4445378 49.5428085, 6.4484522 49.5442734, 6.4520797 49.538383, 6.463995 49.5442844, 6.4673765 49.5429368, 6.4772686 49.5309784, 6.4608854 49.5319053, 6.4584053 49.5285868, 6.4489493 49.5278346, 6.4472808 49.5230257, 6.4633154 49.5194358, 6.464793500000001 49.5217283, 6.4796986 49.5201491, 6.4830293 49.5220716, 6.4842803 49.5195426, 6.4929855 49.5212019, 6.5006209 49.5045611, 6.4928883 49.5042198, 6.4862364 49.5005842, 6.4975633 49.4835947, 6.4862451 49.4748495, 6.4908218 49.4648779, 6.4842704 49.4589246, 6.4897828 49.4558682, 6.4841108 49.4528548, 6.464533000000001 49.466449, 6.455921 49.46289, 6.443351 49.468213, 6.440569 49.4667516, 6.428027100000001 49.4769475, 6.4203648 49.4763841, 6.408716 49.4677269, 6.3941807 49.4641762, 6.3798532 49.4663043, 6.3750635 49.4643505, 6.368754100000001 49.469222, 6.3684444 49.5034962, 6.3576946 49.53058050000001, 6.3809834 49.5510616))
6556	66709	33.642249	POLYGON ((6.7572958 49.5616338, 6.768038 49.5684936, 6.7785948 49.5702546, 6.798141 49.5860138, 6.813677900000001 49.5920532, 6.8222751 49.5863494, 6.8243369 49.5884453, 6.8349918 49.5830132, 6.8305617 49.5703718, 6.8251811 49.5712755, 6.8249464 49.56929280000001, 6.8364289 49.5617724, 6.8366462 49.5579344, 6.8447582 49.5565363, 6.8511864 49.5498926, 6.8486559 49.5442576, 6.8373359 49.5440246, 6.8513465 49.5284577, 6.8295705 49.521823, 6.8265108 49.5251843, 6.8228552 49.5109806, 6.8155072 49.5127221, 6.810466300000001 49.5105106, 6.8070715 49.511694, 6.7971282 49.5082279, 6.7919302 49.5170852, 6.7933744 49.5284179, 6.7869359 49.5383474, 6.7723639 49.5465945, 6.7639202 49.56162320000001, 6.7572958 49.5616338))
34520	66740	43.636429	POLYGON ((6.7193522 49.3384322, 6.7478206 49.3520979, 6.7575489 49.3618482, 6.7638243 49.3611415, 6.7814956 49.3404393, 6.7982169 49.3347239, 6.8154519 49.333438, 6.815432200000001 49.3295724, 6.8092518 49.3312231, 6.7968818 49.3286311, 6.8005011 49.3217504, 6.796651 49.3198608, 6.7795095 49.3232872, 6.7743209 49.3194765, 6.7731837 49.3076096, 6.7628344 49.3061423, 6.766264 49.2862497, 6.774695 49.277692, 6.780491400000001 49.2739741, 6.7799211 49.2708336, 6.7636518 49.26028, 6.7624638 49.2617676, 6.7294116 49.26990230000001, 6.7213213 49.2795723, 6.7117101 49.2840554, 6.7217151 49.297105, 6.7092099 49.2967709, 6.7073331 49.3001893, 6.7008053 49.298747, 6.6961679 49.304515, 6.6906467 49.3019861, 6.6918514 49.3068585, 6.6822198 49.30724610000001, 6.6867617 49.3160581, 6.6751543 49.3145483, 6.6929732 49.31856, 6.6937751 49.3148704, 6.697146400000001 49.3159712, 6.6958828 49.3126334, 6.7009451 49.313323, 6.7235063 49.3219884, 6.7251385 49.325611, 6.7305631 49.3240367, 6.7326365 49.326654, 6.7280955 49.3343776, 6.7193522 49.3384322))
20259	66763	21.816333	POLYGON ((6.6895027 49.3469895, 6.6937816 49.3475129, 6.6908086 49.3522521, 6.696339500000001 49.3571004, 6.6986141 49.3553437, 6.7042422 49.3575507, 6.6988605 49.359721, 6.701993300000001 49.3680979, 6.6960883 49.3721302, 6.7156551 49.378616, 6.7188696 49.3834455, 6.7426592 49.3959111, 6.7463986 49.3951263, 6.7544139 49.38501190000001, 6.7638354 49.3874252, 6.7784754 49.3698213, 6.7638243 49.3611415, 6.7575489 49.3618482, 6.7478206 49.3520979, 6.7193522 49.3384322, 6.7026206 49.3461895, 6.6928541 49.3418921, 6.6895027 49.3469895))
17348	66773	27.237101	POLYGON ((6.796651 49.3198608, 6.8005011 49.3217504, 6.7968818 49.3286311, 6.8092518 49.3312231, 6.815432200000001 49.3295724, 6.8154519 49.333438, 6.8414769 49.3326448, 6.8495754 49.3181503, 6.854906600000001 49.3169969, 6.8751111 49.3267517, 6.8769917 49.3266872, 6.8734818 49.3234882, 6.8828437 49.3165059, 6.8755924 49.3108156, 6.8796168 49.3011388, 6.8678436 49.2916857, 6.863381500000001 49.2970784, 6.859774700000001 49.2945809, 6.8669299 49.2902798, 6.8569497 49.2857989, 6.8517279 49.2820268, 6.8433471 49.2857803, 6.8272196 49.2831181, 6.8218318 49.2868343, 6.7928911 49.2835458, 6.78693 49.2870283, 6.7832578 49.2860091, 6.7826209 49.28885160000001, 6.7916112 49.2912158, 6.7897052 49.2943255, 6.7960939 49.3031036, 6.8042358 49.3075066, 6.796651 49.3198608))
14560	66780	61.520782	POLYGON ((6.5574687 49.4195594, 6.5649506 49.4155878, 6.5715076 49.4178413, 6.5864065 49.3990207, 6.5921507 49.4000466, 6.6004765 49.3974379, 6.6076885 49.4020643, 6.6229423 49.4041511, 6.6290554 49.40992250000001, 6.635734500000001 49.4110903, 6.6382501 49.4089086, 6.6417369 49.411729, 6.6630237 49.3984463, 6.6709468 49.3900202, 6.6943021 49.3815987, 6.6960883 49.3721302, 6.701993300000001 49.3680979, 6.6988605 49.359721, 6.7042422 49.3575507, 6.6986141 49.3553437, 6.696339500000001 49.3571004, 6.6908086 49.3522521, 6.6937816 49.3475129, 6.6895027 49.3469895, 6.6800248 49.3465683, 6.6758132 49.349627, 6.6728061 49.3422384, 6.664232 49.3449915, 6.6545003 49.3390687, 6.638057900000001 49.3425659, 6.622601 49.3395568, 6.6156756 49.3427226, 6.5956746 49.3300417, 6.590716 49.3362508, 6.5784729 49.33486220000001, 6.5759737 49.3415694, 6.5657732 49.3478313, 6.5635818 49.3559035, 6.5741753 49.3587565, 6.5817189 49.3563366, 6.5881005 49.3495155, 6.5917883 49.35808480000001, 6.5964897 49.3593676, 6.6022999 49.3671105, 6.5945745 49.3715309, 6.5832277 49.3685155, 6.5867 49.3851819, 6.5800023 49.3854663, 6.5768227 49.389705, 6.5634635 49.3881946, 6.5600885 49.3925409, 6.5522457 49.3941811, 6.5521492 49.3998996, 6.5409917 49.4011993, 6.5386603 49.40533, 6.5385504 49.4120702, 6.5574687 49.4195594))
17942	66787	25.915692	POLYGON ((6.7196376 49.2213359, 6.7234562 49.2254645, 6.7253371 49.2413663, 6.7359927 49.2435633, 6.7360429 49.2484235, 6.7438735 49.2497773, 6.745269100000001 49.2539568, 6.7554976 49.2509504, 6.7624638 49.2617676, 6.7636518 49.26028, 6.7799211 49.2708336, 6.780491400000001 49.2739741, 6.8204228 49.2698188, 6.8382887 49.2568657, 6.8336754 49.2559498, 6.8326075 49.2582926, 6.8233599 49.2555419, 6.8108097 49.2407945, 6.7973969 49.23985400000001, 6.7984076 49.2335906, 6.7937243 49.23341810000001, 6.792102200000001 49.2360656, 6.7820068 49.2279849, 6.7671489 49.2228115, 6.7397428 49.2263061, 6.7389839 49.2282939, 6.7232312 49.2189017, 6.7196376 49.2213359))
13358	66793	41.673425	POLYGON ((6.7638243 49.3611415, 6.7784754 49.3698213, 6.7802998 49.366854, 6.8028071 49.3755083, 6.8252308 49.3692886, 6.835702300000001 49.3703638, 6.8492765 49.3742737, 6.8550287 49.3800266, 6.8655038 49.3844094, 6.8722103 49.3765587, 6.8714813 49.3719218, 6.9159039 49.3736597, 6.9221459 49.368019, 6.9035963 49.3552879, 6.8782729 49.346349, 6.8631982 49.3470016, 6.8717112 49.3445666, 6.8802381 49.3356134, 6.8804402 49.3309147, 6.8751111 49.3267517, 6.854906600000001 49.3169969, 6.8495754 49.3181503, 6.8414769 49.3326448, 6.8154519 49.333438, 6.7982169 49.3347239, 6.7814956 49.3404393, 6.7638243 49.3611415))
9500	66798	42.223937	POLYGON ((6.5956746 49.3300417, 6.6156756 49.3427226, 6.622601 49.3395568, 6.638057900000001 49.3425659, 6.6545003 49.3390687, 6.664232 49.3449915, 6.6728061 49.3422384, 6.6758132 49.349627, 6.6800248 49.3465683, 6.6895027 49.3469895, 6.6928541 49.3418921, 6.7026206 49.3461895, 6.7193522 49.3384322, 6.7280955 49.3343776, 6.7326365 49.326654, 6.7305631 49.3240367, 6.7251385 49.325611, 6.7235063 49.3219884, 6.7009451 49.313323, 6.6958828 49.3126334, 6.697146400000001 49.3159712, 6.6937751 49.3148704, 6.6929732 49.31856, 6.6751543 49.3145483, 6.6867617 49.3160581, 6.6822198 49.30724610000001, 6.6918514 49.3068585, 6.6906467 49.3019861, 6.6732283 49.2830886, 6.6754504 49.2810891, 6.6715664 49.2798022, 6.6654244 49.2850245, 6.6600887 49.2836051, 6.6532691 49.2812149, 6.6503165 49.28857010000001, 6.6441114 49.2898359, 6.6387971 49.2956153, 6.6319589 49.29574100000001, 6.6246991 49.3027905, 6.6153787 49.3016258, 6.5890954 49.32212560000001, 6.5956746 49.3300417))
11686	66802	34.032096	POLYGON ((6.6600887 49.2836051, 6.6654244 49.2850245, 6.6715664 49.2798022, 6.6754504 49.2810891, 6.6732283 49.2830886, 6.6906467 49.3019861, 6.6961679 49.304515, 6.7008053 49.298747, 6.7073331 49.3001893, 6.7092099 49.2967709, 6.7217151 49.297105, 6.7117101 49.2840554, 6.7213213 49.2795723, 6.7294116 49.26990230000001, 6.7624638 49.2617676, 6.7554976 49.2509504, 6.745269100000001 49.2539568, 6.7438735 49.2497773, 6.7360429 49.2484235, 6.7359927 49.2435633, 6.7253371 49.2413663, 6.7234562 49.2254645, 6.7196376 49.2213359, 6.697153 49.2152107, 6.6896776 49.2204998, 6.6896729 49.2356465, 6.6847753 49.2416906, 6.6900659 49.2496544, 6.6755889 49.2575216, 6.6643985 49.2545239, 6.660505100000001 49.2612791, 6.6665722 49.2679134, 6.6659613 49.2768704, 6.6703217 49.280265, 6.6600887 49.2836051))
6555	66806	8.3878	POLYGON ((6.796651 49.3198608, 6.8042358 49.3075066, 6.7960939 49.3031036, 6.7897052 49.2943255, 6.7916112 49.2912158, 6.7826209 49.28885160000001, 6.7832578 49.2860091, 6.7802763 49.27899450000001, 6.774695 49.277692, 6.766264 49.2862497, 6.7628344 49.3061423, 6.7731837 49.3076096, 6.7743209 49.3194765, 6.7795095 49.3232872, 6.796651 49.3198608))
9316	66809	22.503212	POLYGON ((6.7463986 49.3951263, 6.7530104 49.3952276, 6.7635292 49.4021334, 6.7867249 49.406013, 6.7987456 49.4157826, 6.8200287 49.402746, 6.817393200000001 49.39909230000001, 6.820647100000001 49.3936443, 6.8410907 49.3978002, 6.8453337 49.3948408, 6.8428376 49.392207, 6.8460866 49.3927027, 6.8494157 49.3802969, 6.8550287 49.3800266, 6.8492765 49.3742737, 6.835702300000001 49.3703638, 6.8252308 49.3692886, 6.8028071 49.3755083, 6.7802998 49.366854, 6.7784754 49.3698213, 6.7638354 49.3874252, 6.7544139 49.38501190000001, 6.7463986 49.3951263))
19527	66822	64.20396	POLYGON ((6.9360806 49.4715584, 6.9558856 49.4849692, 6.9633515 49.4877919, 6.969005700000001 49.4863011, 6.9688287 49.4787479, 6.9722183 49.4769091, 6.9701176 49.4701759, 6.9761097 49.4656934, 6.9716554 49.4611999, 6.9785624 49.4533758, 6.974314 49.4507511, 6.9842796 49.4501912, 6.9893499 49.4366717, 6.9663652 49.4318382, 6.9520035 49.4241073, 6.9406059 49.424678, 6.9320057 49.4288838, 6.9313553 49.4246538, 6.9229976 49.4214691, 6.9235329 49.4142873, 6.9174973 49.4128644, 6.9298086 49.4023364, 6.9232704 49.3958962, 6.930821300000001 49.397762, 6.9387742 49.3930505, 6.9352677 49.3896939, 6.9392837 49.3885481, 6.9390192 49.3820298, 6.9441994 49.3776043, 6.9371654 49.3767424, 6.937964300000001 49.3728668, 6.9318892 49.3752775, 6.9314141 49.3676348, 6.9221459 49.368019, 6.9159039 49.3736597, 6.8714813 49.3719218, 6.8722103 49.3765587, 6.8655038 49.3844094, 6.8550287 49.3800266, 6.8494157 49.3802969, 6.8460866 49.3927027, 6.8551854 49.3949887, 6.8615759 49.4025736, 6.8711401 49.4032442, 6.865625 49.4066145, 6.868611 49.407934, 6.864832800000001 49.4141036, 6.8646956 49.4192338, 6.8748089 49.4233422, 6.8729194 49.4295554, 6.8691264 49.4299236, 6.872846 49.43262310000001, 6.8831997 49.4322652, 6.8896381 49.4378787, 6.8797575 49.4510237, 6.8837511 49.4526888, 6.8801825 49.4553475, 6.882411800000001 49.4605124, 6.8715732 49.4627426, 6.871564500000001 49.46483740000001, 6.878696400000001 49.4680232, 6.8834747 49.4618146, 6.888656 49.4604409, 6.8958143 49.46494390000001, 6.896832 49.4604545, 6.9063293 49.4660309, 6.9059621 49.4606799, 6.9118164 49.4605115, 6.927626000000001 49.4668796, 6.9351759 49.466241, 6.9360806 49.4715584))
16455	66839	58.627128	POLYGON ((6.7973135 49.4586326, 6.8050163 49.4717562, 6.8127827 49.4743754, 6.8207068 49.4689258, 6.8363982 49.4756171, 6.8416769 49.4749983, 6.8536682 49.4828294, 6.8746972 49.47952300000001, 6.9029831 49.4948421, 6.9100551 49.5017193, 6.9263025 49.4888387, 6.9197276 49.4836774, 6.9130337 49.4829991, 6.9117229 49.4791978, 6.9248231 49.468665, 6.932312 49.4724916, 6.9360806 49.4715584, 6.9351759 49.466241, 6.927626000000001 49.4668796, 6.9118164 49.4605115, 6.9059621 49.4606799, 6.9063293 49.4660309, 6.896832 49.4604545, 6.8958143 49.46494390000001, 6.888656 49.4604409, 6.8834747 49.4618146, 6.878696400000001 49.4680232, 6.871564500000001 49.46483740000001, 6.8715732 49.4627426, 6.882411800000001 49.4605124, 6.8801825 49.4553475, 6.8837511 49.4526888, 6.8797575 49.4510237, 6.8896381 49.4378787, 6.8831997 49.4322652, 6.872846 49.43262310000001, 6.8691264 49.4299236, 6.8729194 49.4295554, 6.8748089 49.4233422, 6.8646956 49.4192338, 6.864832800000001 49.4141036, 6.868611 49.407934, 6.865625 49.4066145, 6.8711401 49.4032442, 6.8615759 49.4025736, 6.8551854 49.3949887, 6.8460866 49.3927027, 6.8428376 49.392207, 6.8453337 49.3948408, 6.8410907 49.3978002, 6.820647100000001 49.3936443, 6.817393200000001 49.39909230000001, 6.8200287 49.402746, 6.7987456 49.4157826, 6.7949197 49.4183606, 6.7952076 49.4328, 6.7853531 49.4377964, 6.7970134 49.4425919, 6.7952717 49.4464096, 6.8021526 49.45075900000001, 6.7963725 49.4542416, 6.7973135 49.4586326))
